Model,Exact Match,F1 Score
t5-base,69.46073793755913,83.03201991178761
